timestamp,hr,hrv,spo2,steps,sleep_stage,glucose,temp_dev,rr,sbp,dbp
2026-11-01T00:00:00,66.2,41.3,97.2,0,deep,101.2,0.05,13.8,,
2026-11-01T01:00:00,64.8,44.0,97.4,0,deep,99.8,0.02,13.5,,
2026-11-01T02:00:00,63.1,45.6,97.0,0,rem,98.5,0.00,13.2,,
2026-11-01T03:00:00,62.7,43.9,96.8,0,light,99.1,-0.03,13.6,,
2026-11-01T04:00:00,63.9,42.1,97.1,0,light,100.4,0.01,13.9,,
2026-11-01T05:00:00,65.5,40.2,97.3,0,light,102.0,0.04,14.1,,
2026-11-01T06:00:00,68.4,38.7,97.2,120,awake,104.1,0.02,14.4,,
2026-11-01T07:00:00,74.2,35.1,97.0,340,awake,128.6,0.06,15.0,,
2026-11-01T08:00:00,79.8,31.6,96.9,610,awake,138.9,0.08,15.4,124.0,80.0
2026-11-01T09:00:00,76.5,33.0,97.1,520,awake,121.4,0.05,14.9,,
2026-11-01T10:00:00,73.9,34.4,97.2,470,awake,112.8,0.03,14.6,,
2026-11-01T11:00:00,75.1,33.9,97.0,440,awake,109.5,0.04,14.7,,
2026-11-01T12:00:00,78.3,32.2,96.8,560,awake,132.2,0.07,15.1,,
2026-11-01T13:00:00,75.6,33.5,97.1,430,awake,124.0,0.05,14.8,,
2026-11-01T14:00:00,72.8,35.0,97.3,410,awake,113.6,0.03,14.5,,
2026-11-01T15:00:00,71.9,35.8,97.2,395,awake,108.1,0.02,14.3,,
2026-11-01T16:00:00,73.5,34.6,97.0,470,awake,106.4,0.04,14.6,,
2026-11-01T17:00:00,76.2,32.8,96.9,530,awake,111.9,0.05,15.0,,
2026-11-01T18:00:00,79.4,31.1,96.8,620,awake,118.7,0.07,15.3,,
2026-11-01T19:00:00,82.1,29.7,96.7,660,awake,139.5,0.09,15.6,,
2026-11-01T20:00:00,77.8,31.9,97.0,540,awake,127.3,0.06,15.2,,
2026-11-01T21:00:00,73.4,34.1,97.2,380,awake,114.8,0.04,14.7,,
2026-11-01T22:00:00,69.6,37.2,97.3,150,awake,107.2,0.02,14.2,,
2026-11-01T23:00:00,66.1,42.8,97.4,0,light,102.6,0.01,13.7,,
